상호명,지점명,상권업종소분류명,표준산업분류명,행정동명,법정동명,지번주소,도로명주소,경도,위도,url,운영시간
더쌍화피카디리,,카페,기타 비알코올 음료점업,종로1.2.3.4가동,돈의동,서울특별시 종로구 돈의동 137,서울특별시 종로구 돈화문로5가길 1,126.991208911517,37.5710170721997,https://place.map.kakao.com/27192353,[]
앰퍼샌드컴퍼니,,카페,커피 전문점,종로1.2.3.4가동,익선동,서울특별시 종로구 익선동 166-6,서울특별시 종로구 돈화문로11다길 27,126.990372912512,37.5734066956355,https://place.map.kakao.com/1982560276,[]
플러스카페,,카페,커피 전문점,종로1.2.3.4가동,수송동,서울특별시 종로구 수송동 146-12,서울특별시 종로구 종로1길 36,126.978971792155,37.5734978535778,https://place.map.kakao.com/21538434,[]
감꽃당,,카페,커피 전문점,종로1.2.3.4가동,익선동,서울특별시 종로구 익선동 166-17,서울특별시 종로구 돈화문로11다길 38,126.990062058823,37.5737914843372,https://place.map.kakao.com/923427859,"['월~토', '09:00 ~ 22:30', '일', '10:00 ~ 22:30']"
라온,,카페,커피 전문점,종로1.2.3.4가동,경운동,서울특별시 종로구 경운동 89-4,서울특별시 종로구 삼일대로 461,126.985848842339,37.5756024973128,https://place.map.kakao.com/20103820,[]
블루도트,,카페,커피 전문점,종로1.2.3.4가동,종로3가,서울특별시 종로구 종로3가 18,서울특별시 종로구 종로 125,126.991530580506,37.5706684142602,https://place.map.kakao.com/1522948737,[]
서울에서첫번째전통찻집,,카페,기타 비알코올 음료점업,종로1.2.3.4가동,종로1가,서울특별시 종로구 종로1가 24,서울특별시 종로구 종로 19,126.979902392746,37.5708388183663,https://place.map.kakao.com/1672855331,[]
라비타,,카페,커피 전문점,종로1.2.3.4가동,관철동,서울특별시 종로구 관철동 25,서울특별시 종로구 종로16길 22,126.988563830815,37.5690571997121,https://place.map.kakao.com/961256758,[]
청수당,,카페,기타 비알코올 음료점업,종로1.2.3.4가동,익선동,서울특별시 종로구 익선동 144,서울특별시 종로구 돈화문로11나길 31-9,126.989744142341,37.5738608473255,https://place.map.kakao.com/78911659,"['매일', '10:30 ~ 21:00']"
에그라상,,카페,커피 전문점,종로1.2.3.4가동,관철동,서울특별시 종로구 관철동 43-11,서울특별시 종로구 청계천로 57,126.984037348175,37.568946248288,https://place.map.kakao.com/1311833286,"['월~금', '07:30 ~ 21:00', '토', '11:00 ~ 21:00', '휴무일', '일요일']"
이원,,카페,기타 비알코올 음료점업,종로1.2.3.4가동,청진동,서울특별시 종로구 청진동 2-2,서울특별시 종로구 삼봉로 60,126.980403533438,37.5722758027088,https://place.map.kakao.com/705064576,[]
달지게스트하우스,,카페,커피 전문점,종로1.2.3.4가동,낙원동,서울특별시 종로구 낙원동 233,서울특별시 종로구 종로17길 46,126.988329370639,37.5721637841259,https://place.map.kakao.com/498542379,[]
오타르,,카페,커피 전문점,종로1.2.3.4가동,익선동,서울특별시 종로구 익선동 169-2,서울특별시 종로구 수표로28길 27,126.990062054751,37.5729535159087,https://place.map.kakao.com/215379134,"['매일', '10:00 ~ 22:00']"
코스트파이브커피종로학원가점,,카페,커피 전문점,종로1.2.3.4가동,관철동,서울특별시 종로구 관철동 5-1,서울특별시 종로구 종로16길 12,126.988489339437,37.5695431240324,https://place.map.kakao.com/1359282109,[]
마샐,,카페,기타 비알코올 음료점업,종로1.2.3.4가동,종로2가,서울특별시 종로구 종로2가 6,서울특별시 종로구 종로 51,126.983594194964,37.5707355059583,https://place.map.kakao.com/276107182,[]
카페아이엠티,,카페,커피 전문점,종로1.2.3.4가동,수송동,서울특별시 종로구 수송동 15,서울특별시 종로구 율곡로4길 7,126.982153207301,37.5751381902405,https://place.map.kakao.com/2100953406,"['매일', '07:00 ~ 21:00']"
나무새찻집,,카페,기타 비알코올 음료점업,종로1.2.3.4가동,관훈동,서울특별시 종로구 관훈동 173,서울특별시 종로구 인사동길 47-9,126.984022835891,37.5741811722907,https://place.map.kakao.com/1740702672,"['매일', '10:00 ~ 22:00']"
프롬하츠커피,,카페,커피 전문점,종로1.2.3.4가동,종로2가,서울특별시 종로구 종로2가 56-24,서울특별시 종로구 삼일대로 396,126.987975607716,37.5698630961028,https://place.map.kakao.com/1864594404,"['월~금', '07:30 ~ 22:30', '토', '08:00 ~ 22:30', '일', '08:00 ~ 22:00']"
잔별,,카페,커피 전문점,종로1.2.3.4가동,봉익동,서울특별시 종로구 봉익동 18-3,서울특별시 종로구 돈화문로10길 14,126.992422773864,37.5725051472624,https://place.map.kakao.com/1095450782,[]
오마래,,카페,커피 전문점,종로1.2.3.4가동,낙원동,서울특별시 종로구 낙원동 82-9,서울특별시 종로구 삼일대로26길 19,126.989173063889,37.5733964276377,https://place.map.kakao.com/1879794226,"['매일', '11:30 ~ 23:30']"
밀탑인사동N285호텔점,,카페,커피 전문점,종로1.2.3.4가동,낙원동,서울특별시 종로구 낙원동 285,서울특별시 종로구 삼일대로 423,126.98739876211,37.572336013507,https://place.map.kakao.com/1858942659,"['매일', '10:00 ~ 22:00']"
더치앤빈,,카페,커피 전문점,종로1.2.3.4가동,수송동,서울특별시 종로구 수송동 85,서울특별시 종로구 율곡로2길 7,126.981226721716,37.57500405238,https://place.map.kakao.com/1438318889,"['월~금', '07:30 ~ 20:00', '토,일', '09:00 ~ 17:00']"
북촌빙수,,카페,커피 전문점,종로1.2.3.4가동,돈의동,서울특별시 종로구 돈의동 18,서울특별시 종로구 돈화문로11다길 15,126.990536247607,37.5730476759366,https://place.map.kakao.com/1464651629,"['화~일', '13:00 ~ 18:00', '(재료소진시 조기마감)', '화~일 라스트오더', '~ 17:30', '휴무일', '월요일']"
커피기업,,카페,커피 전문점,종로1.2.3.4가동,수송동,서울특별시 종로구 수송동 156,서울특별시 종로구 삼봉로 71,126.981100163919,37.5726602546037,https://place.map.kakao.com/156353882,"['월~금', '07:00 ~ 21:00', '토', '10:00 ~ 18:00', '휴무일', '일요일']"
커피지원,,카페,기타 비알코올 음료점업,종로1.2.3.4가동,관수동,서울특별시 종로구 관수동 15,서울특별시 종로구 수표로 90-1,126.989759472237,37.5693737917317,https://place.map.kakao.com/2132808170,[]
찬스사주작명카페,,카페,커피 전문점,종로1.2.3.4가동,관훈동,서울특별시 종로구 관훈동 146-1,서울특별시 종로구 인사동길 57,126.983502317598,37.574996638262,https://place.map.kakao.com/12082652,"['매일', '11:00 ~ 21:00', '이용시 주의 사항', '연중무휴']"
티앤아이1010,,카페,커피 전문점,종로1.2.3.4가동,관훈동,서울특별시 종로구 관훈동 29-23,서울특별시 종로구 인사동10길 10,126.985621930473,37.5739696638932,https://place.map.kakao.com/767584840,"['월,수,목,금,토,일', '10:00 ~ 19:00', '휴무일', '화요일']"
인사동가는길,,카페,커피 전문점,종로1.2.3.4가동,인사동,서울특별시 종로구 인사동 34-16,서울특별시 종로구 인사동길 20-20,126.987362486825,37.572506900174,https://place.map.kakao.com/8053121,[]
집,,카페,커피 전문점,종로1.2.3.4가동,종로1가,서울특별시 종로구 종로1가 24,서울특별시 종로구 종로 19,126.979902392746,37.5708388183663,https://place.map.kakao.com/1212822941,[]
뉴욕솜사탕,,카페,커피 전문점,종로1.2.3.4가동,공평동,서울특별시 종로구 공평동 70,서울특별시 종로구 우정국로 22-2,126.983172455934,37.5709481239591,https://place.map.kakao.com/1395707325,[]
보성전통찻집,,카페,기타 비알코올 음료점업,종로1.2.3.4가동,공평동,서울특별시 종로구 공평동 130-1,서울특별시 종로구 종로7길 47,126.982766122641,37.5716924874003,https://place.map.kakao.com/252651837,"['매일', '11:00 ~ 21:30']"
메가엠지씨커피종로공평점,,카페,커피 전문점,종로1.2.3.4가동,공평동,서울특별시 종로구 공평동 124,서울특별시 종로구 삼봉로 100,126.98269526719,37.5719081266561,https://place.map.kakao.com/1435580272,"['월~금', '07:00 ~ 19:00', '토,일', '08:00 ~ 18:00', '월~금 라스트오더', '~ 19:00', '토,일 라스트오더', '~ 18:00']"
더커피,,카페,커피 전문점,종로1.2.3.4가동,인의동,서울특별시 종로구 인의동 28-2,서울특별시 종로구 창경궁로 120,126.998235298537,37.5729690946411,https://place.map.kakao.com/1457813988,[]
이디야창덕궁점,,카페,커피 전문점,종로1.2.3.4가동,묘동,서울특별시 종로구 묘동 177-1,서울특별시 종로구 돈화문로 41-1,126.991418524306,37.5722623006988,https://place.map.kakao.com/96671839,"['매일', '08:00 ~ 23:30']"
킹커피,,카페,커피 전문점,종로1.2.3.4가동,청진동,서울특별시 종로구 청진동 182-4,서울특별시 종로구 종로3길 30,126.979438695059,37.5716367369061,https://place.map.kakao.com/27506122,"['매일', '07:30 ~ 20:00']"
소소,,카페,커피 전문점,종로1.2.3.4가동,종로2가,서울특별시 종로구 종로2가 48-1,서울특별시 종로구 종로 104,126.989095071749,37.5699537813745,https://place.map.kakao.com/1066887380,"['월~금', '07:00 ~ 16:00', '토', '08:30 ~ 11:30', '휴무일', '마지막 토요일', '일요일']"
요지트,,카페,기타 비알코올 음료점업,종로1.2.3.4가동,종로1가,서울특별시 종로구 종로1가 24,서울특별시 종로구 종로 19,126.979902392746,37.5708388183663,https://place.map.kakao.com/1950692335,"['월~금', '08:00 ~ 19:30', '월~금 휴게시간', '15:00 ~ 17:00', '휴무일', '토,일요일', '공휴일']"
비에이치케이,,카페,커피 전문점,종로1.2.3.4가동,관철동,서울특별시 종로구 관철동 27-1,서울특별시 종로구 삼일대로 388-12,126.988462815733,37.5689932612799,https://place.map.kakao.com/733404561,[]
무림만화카페,,카페,기타 비알코올 음료점업,종로1.2.3.4가동,관철동,서울특별시 종로구 관철동 13-1,서울특별시 종로구 삼일대로19길 15,126.986702200042,37.5694376935625,https://place.map.kakao.com/1494015681,"['월~토', '10:30 ~ 22:00', '휴무일', '일요일']"
타이거타이거카페,,카페,기타 비알코올 음료점업,종로1.2.3.4가동,와룡동,서울특별시 종로구 와룡동 172-2,서울특별시 종로구 삼일대로30길 56,126.990790645602,37.574329329713,https://place.map.kakao.com/1640534397,"['월~금', '08:00 ~ 19:00', '토,일', '10:00 ~ 19:00']"
커피타임,,카페,커피 전문점,종로1.2.3.4가동,원남동,서울특별시 종로구 원남동 278,서울특별시 종로구 창경궁로 135-1,126.997241061296,37.5745104451437,https://place.map.kakao.com/101612211,"['월~금', '07:30 ~ 17:30', '휴무일', '토,일요일']"
커피살롱,,카페,기타 비알코올 음료점업,종로1.2.3.4가동,공평동,서울특별시 종로구 공평동 144,서울특별시 종로구 삼봉로 94,126.982220846913,37.5718319540652,https://place.map.kakao.com/388047183,[]
마루비건랩,,카페,기타 비알코올 음료점업,종로1.2.3.4가동,관훈동,서울특별시 종로구 관훈동 192-15,서울특별시 종로구 인사동길 35-4,126.984846517919,37.5735485194653,https://place.map.kakao.com/453256609,[]
앵글340,,카페,커피 전문점,종로1.2.3.4가동,장사동,서울특별시 종로구 장사동 182-2,서울특별시 종로구 청계천로 155,126.994837769627,37.5688584940417,https://place.map.kakao.com/1749819159,"['매일', '12:00 ~ 21:00']"
아재커피,,카페,커피 전문점,종로1.2.3.4가동,청진동,서울특별시 종로구 청진동 217,서울특별시 종로구 삼봉로 40,126.979428490737,37.5723845124842,https://place.map.kakao.com/400305209,"['월~금', '07:00 ~ 21:00', '토,일', '08:00 ~ 22:00']"
매머드익스프레스익선동점,,카페,커피 전문점,종로1.2.3.4가동,익선동,서울특별시 종로구 익선동 137-2,서울특별시 종로구 삼일대로30길 28,126.989174884582,37.5740992553358,https://place.map.kakao.com/1775427821,"['월~토', '08:00 ~ 20:00', '일', '10:00 ~ 18:00']"
붐카페종로인의점,,카페,커피 전문점,종로1.2.3.4가동,인의동,서울특별시 종로구 인의동 28-25,서울특별시 종로구 창경궁로 112-15,126.998626065584,37.5725308994733,https://place.map.kakao.com/1606693777,"['매일', '07:00 ~ 20:00', '휴무일', '공휴일']"
즐거운찻집,,카페,기타 비알코올 음료점업,종로1.2.3.4가동,관훈동,서울특별시 종로구 관훈동 146-2,서울특별시 종로구 인사동길 55-2,126.983559772547,37.5749340601522,https://place.map.kakao.com/1412260445,"['매일', '10:00 ~ 22:00']"
카페이너스,,카페,커피 전문점,종로1.2.3.4가동,인의동,서울특별시 종로구 인의동 48-2,서울특별시 종로구 종로 183,126.998369125134,37.5714294483095,https://place.map.kakao.com/24975537,[]
설빙,,카페,기타 비알코올 음료점업,종로1.2.3.4가동,종로2가,서울특별시 종로구 종로2가 84-1,서울특별시 종로구 종로 74,126.985597442174,37.569932789004,https://place.map.kakao.com/24178754,"['매일', '10:30 ~ 22:30']"
대복상회,,카페,기타 비알코올 음료점업,종로1.2.3.4가동,예지동,서울특별시 종로구 예지동 6-1,서울특별시 종로구 창경궁로 88,126.999598582226,37.5700702891715,https://place.map.kakao.com/8867904,[]
아리아사주타로인사동,,카페,기타 비알코올 음료점업,종로1.2.3.4가동,인사동,서울특별시 종로구 인사동 181-1,서울특별시 종로구 인사동길 25,126.986042377259,37.5730181725924,https://place.map.kakao.com/205934530,[]
텐퍼센트커피,,카페,커피 전문점,종로1.2.3.4가동,청진동,서울특별시 종로구 청진동 2-2,서울특별시 종로구 삼봉로 60,126.980403533438,37.5722758027088,https://place.map.kakao.com/264555478,"['월~금', '07:00 ~ 20:30', '토,일', '09:30 ~ 15:00', '공휴일', '09:30 ~ 16:00', '휴무일', '설전날', '설당일', '이용시 주의 사항', '추석당일 휴무']"
종로시장,,카페,커피 전문점,종로1.2.3.4가동,관철동,서울특별시 종로구 관철동 256,서울특별시 종로구 우정국로2길 10,126.98360124118,37.5693840046577,https://place.map.kakao.com/8272010,[]
탑골,,카페,기타 비알코올 음료점업,종로1.2.3.4가동,종로2가,서울특별시 종로구 종로2가 39,서울특별시 종로구 종로17길 12,126.988979927848,37.570934930706,https://place.map.kakao.com/8625328,"['매일', '09:00 ~ 18:00', '(동절기(11월~2월 09:00~17:00))']"
원남당,,카페,커피 전문점,종로1.2.3.4가동,원남동,서울특별시 종로구 원남동 86-15,서울특별시 종로구 창경궁로 144,126.997650101926,37.5752437627502,https://place.map.kakao.com/1252794512,[]
반쥴,,카페,커피 전문점,종로1.2.3.4가동,관철동,서울특별시 종로구 관철동 12-16,서울특별시 종로구 삼일대로17길 23,126.986163908699,37.5690636448743,https://place.map.kakao.com/10405822,"['월~금', '11:30 ~ 22:20', '토', '12:30 ~ 22:20', '일', '12:30 ~ 21:20', '휴무일', '설당일']"
설레는마중,,카페,커피 전문점,종로1.2.3.4가동,관훈동,서울특별시 종로구 관훈동 155-2,서울특별시 종로구 인사동길 49,126.983532304432,37.574456272108,https://place.map.kakao.com/383745022,"['매일', '10:00 ~ 22:00']"
프롬하츠커피청계,,카페,커피 전문점,종로1.2.3.4가동,관철동,서울특별시 종로구 관철동 266,서울특별시 종로구 청계천로 53,126.983606260765,37.5690146208843,https://place.map.kakao.com/141454443,"['월~금', '08:00 ~ 23:00', '토', '12:00 ~ 23:00', '일', '12:00 ~ 21:00']"
황씨네커피집,,카페,커피 전문점,종로1.2.3.4가동,묘동,서울특별시 종로구 묘동 102-1,서울특별시 종로구 돈화문로 48,126.991614737543,37.5728226226667,https://place.map.kakao.com/1798554341,"['매일', '08:00 ~ 20:00']"
메가엠지씨커피종로르메이에르점,,카페,커피 전문점,종로1.2.3.4가동,종로1가,서울특별시 종로구 종로1가 24,서울특별시 종로구 종로 19,126.979902392746,37.5708388183663,https://place.map.kakao.com/776480585,"['매일', '07:00 ~ 22:00', '공휴일', '07:00 ~ 22:00']"
더연카페,,카페,기타 비알코올 음료점업,종로1.2.3.4가동,종로2가,서울특별시 종로구 종로2가 84-1,서울특별시 종로구 종로 74,126.985597442174,37.569932789004,https://place.map.kakao.com/2119195533,"['월,수,목,일', '17:00 ~ 24:00', '금,토', '17:00 ~ 02:00', '휴무일', '화요일']"
도채비도반한찻집,,카페,기타 비알코올 음료점업,종로1.2.3.4가동,관훈동,서울특별시 종로구 관훈동 185,서울특별시 종로구 인사동길 45,126.984407696355,37.5741844839749,https://place.map.kakao.com/16042280,"['매일', '11:00 ~ 21:30', '매일 라스트오더', '~ 21:00']"
달콤커피종로,,카페,커피 전문점,종로1.2.3.4가동,관철동,서울특별시 종로구 관철동 19-3,서울특별시 종로구 종로12길 16,126.985560354135,37.5693287724897,https://place.map.kakao.com/19901961,"['매일', '08:00 ~ 23:00']"
웰스커피,,카페,커피 전문점,종로1.2.3.4가동,와룡동,서울특별시 종로구 와룡동 94-1,서울특별시 종로구 돈화문로 82,126.990771312775,37.5757618197566,https://place.map.kakao.com/1321484534,"['월~금', '09:00 ~ 20:00', '토', '10:00 ~ 19:00', '휴무일', '일요일']"
과일에반하다프루타,,카페,커피 전문점,종로1.2.3.4가동,익선동,서울특별시 종로구 익선동 22-2,서울특별시 종로구 삼일대로32길 44,126.989360370489,37.5754524050169,https://place.map.kakao.com/1611228470,[]
이튼커피,,카페,커피 전문점,종로1.2.3.4가동,원남동,서울특별시 종로구 원남동 80-2,서울특별시 종로구 창경궁로 138,126.997622905926,37.5747389485354,https://place.map.kakao.com/883236173,"['월~금', '07:00 ~ 17:30', '휴무일', '토,일요일', '공휴일']"
더벤티종로학원가점,,카페,커피 전문점,종로1.2.3.4가동,관수동,서울특별시 종로구 관수동 4-4,서울특별시 종로구 종로16길 11,126.988692833099,37.5695628882905,https://place.map.kakao.com/701370131,"['월~금', '08:00 ~ 20:00', '토,일', '08:00 ~ 19:00', '휴무일', '일요일']"
메가엠지씨커피종각역점,,카페,커피 전문점,종로1.2.3.4가동,종로2가,서울특별시 종로구 종로2가 75-6,서울특별시 종로구 종로 80-2,126.986412394985,37.5699397889584,https://place.map.kakao.com/2015755028,"['월~금', '07:00 ~ 20:00', '토', '08:00 ~ 20:00', '공휴일', '09:00 ~ 20:00', '휴무일', '일요일', '설당일', '추석당일']"
커피온리종로,,카페,커피 전문점,종로1.2.3.4가동,종로3가,서울특별시 종로구 종로3가 103-2,서울특별시 종로구 수표로 98,126.989582145443,37.569930920035,https://place.map.kakao.com/711620744,"['월~금', '07:00 ~ 19:00', '토,일', '11:00 ~ 19:00', '공휴일', '11:00 ~ 19:00']"
아삐뽀레,,카페,커피 전문점,종로1.2.3.4가동,익선동,서울특별시 종로구 익선동 166-37,서울특별시 종로구 수표로28길 21-14,126.989861352249,37.5735645067505,https://place.map.kakao.com/1855865412,"['매일', '10:00 ~ 22:00']"
카페기억,,카페,커피 전문점,종로1.2.3.4가동,와룡동,서울특별시 종로구 와룡동 12-2,서울특별시 종로구 율곡로 102,126.99064912652,37.5772655132977,https://place.map.kakao.com/349429037,"['매일', '10:00 ~ 22:00', '공휴일', '10:00 ~ 22:00']"
명장지가,,카페,기타 비알코올 음료점업,종로1.2.3.4가동,경운동,서울특별시 종로구 경운동 74,서울특별시 종로구 삼일대로 453,126.986503220274,37.5749323368098,https://place.map.kakao.com/701114470,"['매일', '08:00 ~ 22:00']"
디바,,카페,커피 전문점,종로1.2.3.4가동,관철동,서울특별시 종로구 관철동 45-8,서울특별시 종로구 우정국로2길 17,126.98403936621,37.5696310571634,https://place.map.kakao.com/27256492,"['매일', '13:00 ~ 23:00']"
카페주니,,카페,커피 전문점,종로1.2.3.4가동,낙원동,서울특별시 종로구 낙원동 176,서울특별시 종로구 수표로 112,126.989372682373,37.5711905853505,https://place.map.kakao.com/1455881127,[]
좋은날,,카페,커피 전문점,종로1.2.3.4가동,장사동,서울특별시 종로구 장사동 199-1,서울특별시 종로구 종로22길 25,126.993656629452,37.569145775265,https://place.map.kakao.com/719860329,[]
메가엠지씨커피,,카페,커피 전문점,종로1.2.3.4가동,종로3가,서울특별시 종로구 종로3가 120,서울특별시 종로구 종로 122,126.991108482639,37.5700701200836,https://place.map.kakao.com/2015755028,"['월~금', '07:00 ~ 20:00', '토', '08:00 ~ 20:00', '공휴일', '09:00 ~ 20:00', '휴무일', '일요일', '설당일', '추석당일']"
커피비상구,,카페,커피 전문점,종로1.2.3.4가동,관철동,서울특별시 종로구 관철동 43-1,서울특별시 종로구 종로8길 13,126.984086843858,37.5694692782918,https://place.map.kakao.com/1077811336,[]
사람과나무찻집,,카페,커피 전문점,종로1.2.3.4가동,관훈동,서울특별시 종로구 관훈동 5,서울특별시 종로구 인사동6길 5,126.986172956446,37.5734067417489,https://place.map.kakao.com/1746689300,[]
세컨드커피,,카페,커피 전문점,종로1.2.3.4가동,와룡동,서울특별시 종로구 와룡동 25,서울특별시 종로구 율곡로10길 16,126.990870892265,37.5767718368858,https://place.map.kakao.com/1653155500,"['수~일', '11:30 ~ 19:00', '휴무일', '월,화요일']"
아리스타커피이마빌딩,,카페,커피 전문점,종로1.2.3.4가동,수송동,서울특별시 종로구 수송동 146-1,서울특별시 종로구 종로1길 42,126.978966379844,37.5738942645562,https://place.map.kakao.com/17342735,[]
에슬로우,,카페,커피 전문점,종로1.2.3.4가동,청진동,서울특별시 종로구 청진동 119-1,서울특별시 종로구 종로 33,126.981417776698,37.5709510178487,https://place.map.kakao.com/1263390188,"['월~금', '07:00 ~ 17:00', '토', '07:00 ~ 23:00', '휴무일', '일요일']"
카페엘카미노,,카페,커피 전문점,종로1.2.3.4가동,와룡동,서울특별시 종로구 와룡동 171-1,서울특별시 종로구 돈화문로 67,126.990731859574,37.5744910145371,https://place.map.kakao.com/15529440,[]
더카페,,카페,커피 전문점,종로1.2.3.4가동,인사동,서울특별시 종로구 인사동 255-5,서울특별시 종로구 종로9길 18,126.984620668133,37.5710056412791,https://place.map.kakao.com/2037633214,[]
다정차끓이는솥,,카페,기타 비알코올 음료점업,종로1.2.3.4가동,인사동,서울특별시 종로구 인사동 178-2,서울특별시 종로구 인사동5길 3,126.985977271397,37.5728103739159,https://place.map.kakao.com/1444274349,[]
쥬씨종로종묘점,,카페,기타 비알코올 음료점업,종로1.2.3.4가동,묘동,서울특별시 종로구 묘동 82-3,서울특별시 종로구 돈화문로 42,126.991827471521,37.5721576689279,https://place.map.kakao.com/1606491323,"['월~금', '10:00 ~ 19:50', '토', '10:00 ~ 18:50', '일', '10:00 ~ 17:50']"
힘내개커피,,카페,커피 전문점,종로1.2.3.4가동,인의동,서울특별시 종로구 인의동 7-5,서울특별시 종로구 창경궁로 130,126.99766652526,37.5740184855719,https://place.map.kakao.com/1310716036,[]
낙원장,,카페,커피 전문점,종로1.2.3.4가동,익선동,서울특별시 종로구 익선동 170,서울특별시 종로구 수표로28길 25,126.989937299531,37.5729704693561,https://place.map.kakao.com/1853756930,"['매일', '11:00 ~ 23:00']"
빈티지,,카페,커피 전문점,종로1.2.3.4가동,봉익동,서울특별시 종로구 봉익동 120-1,서울특별시 종로구 돈화문로6나길 28-5,126.992686998651,37.5722190688651,https://place.map.kakao.com/1906686016,[]
어반밀커피,,카페,커피 전문점,종로1.2.3.4가동,공평동,서울특별시 종로구 공평동 17,서울특별시 종로구 우정국로 26,126.983537654436,37.5715639769904,https://place.map.kakao.com/340349183,"['월~금', '07:30 ~ 18:00', '공휴일', '11:00 ~ 18:00', '휴무일', '토,일요일']"
47번가찻집,,카페,기타 비알코올 음료점업,종로1.2.3.4가동,관훈동,서울특별시 종로구 관훈동 72,서울특별시 종로구 인사동길 50,126.984425685817,37.5745270342195,https://place.map.kakao.com/1972464782,[]
로코랩,,카페,커피 전문점,종로1.2.3.4가동,종로2가,서울특별시 종로구 종로2가 9,서울특별시 종로구 종로 69,126.985294475442,37.5705699246654,https://place.map.kakao.com/587639814,[]
머무름,,카페,기타 비알코올 음료점업,종로1.2.3.4가동,관훈동,서울특별시 종로구 관훈동 66,서울특별시 종로구 인사동12길 5,126.984731923332,37.5744846163899,https://place.map.kakao.com/136174693,"['매일', '11:00 ~ 22:00']"
휴식,,카페,커피 전문점,종로1.2.3.4가동,서린동,서울특별시 종로구 서린동 146,서울특별시 종로구 무교로 37,126.979084347565,37.5693990915085,https://place.map.kakao.com/336819533,"['월~금', '07:30 ~ 20:00', '토', '11:30 ~ 20:00']"
도반에이치씨,,카페,기타 비알코올 음료점업,종로1.2.3.4가동,견지동,서울특별시 종로구 견지동 27-11,서울특별시 종로구 우정국로 55,126.981864629267,37.5738832553128,https://place.map.kakao.com/964868721,[]
인사동풍경이있는찻집,,카페,기타 비알코올 음료점업,종로1.2.3.4가동,관훈동,서울특별시 종로구 관훈동 197-4,서울특별시 종로구 인사동길 29,126.985801618371,37.5732413646443,https://place.map.kakao.com/25036504,[]
꽃이피움,,카페,커피 전문점,종로1.2.3.4가동,관훈동,서울특별시 종로구 관훈동 151-4,서울특별시 종로구 우정국로 68,126.983299545705,37.5749228087741,https://place.map.kakao.com/1931287894,"['월~금', '08:00 ~ 20:00', '토', '10:00 ~ 20:00', '일', '10:00 ~ 19:00']"
25그램,,카페,기타 비알코올 음료점업,종로1.2.3.4가동,익선동,서울특별시 종로구 익선동 94-3,서울특별시 종로구 삼일대로30길 41,126.989907361983,37.5743488062785,https://place.map.kakao.com/1204891512,"['월~금', '10:00 ~ 20:00', '토,일', '10:00 ~ 17:00']"
드림라이크커피,,카페,커피 전문점,종로1.2.3.4가동,서린동,서울특별시 종로구 서린동 145-1,서울특별시 종로구 무교로 39,126.979117196883,37.5694804692817,https://place.map.kakao.com/1131632720,"['월~금', '07:30 ~ 19:00', '토', '12:00 ~ 19:00', '휴무일', '일요일', '설당일', '추석당일']"
커스텀커피,,카페,커피 전문점,종로1.2.3.4가동,관철동,서울특별시 종로구 관철동 180,서울특별시 종로구 삼일대로17길 51,126.984658283123,37.5690687258161,https://place.map.kakao.com/1151285010,"['월~금', '08:00 ~ 17:30', '휴무일', '토,일요일', '공휴일', '이용시 주의 사항', '5/29(월) 대체공휴일 휴무']"
쪼꼬커피,,카페,커피 전문점,종로1.2.3.4가동,익선동,서울특별시 종로구 익선동 87-2,서울특별시 종로구 돈화문로11나길 42,126.989984042928,37.5745386810227,https://place.map.kakao.com/921065817,"['월~금', '10:00 ~ 21:00', '토,일', '10:00 ~ 19:00', '공휴일', '10:00 ~ 19:00']"
이디야탑골공원점,,카페,커피 전문점,종로1.2.3.4가동,낙원동,서울특별시 종로구 낙원동 205,서울특별시 종로구 수표로 109-1,126.989182694849,37.5710087504096,https://place.map.kakao.com/25493284,"['월,화,수,목,금,일', '09:00 ~ 22:00', '(주말 및 공휴일에는 변경될 수 있습니다.)', '토', '09:00 ~ 23:00', '(주말 및 공휴일에는 변경될 수 있습니다.)']"
헤리티지클럽,,카페,커피 전문점,종로1.2.3.4가동,봉익동,서울특별시 종로구 봉익동 1-1,서울특별시 종로구 서순라길 75,126.992450936147,37.5737758561305,https://place.map.kakao.com/1163285034,"['매일', '12:00 ~ 23:00', '휴무일', '설당일', '추석당일', '1월1일', '이용시 주의 사항', '@heritage_clubb\xa0', '운영시간 변경 / 공지 등은 인스타그램 참고 해 주세요!']"
브레이브버블,,카페,커피 전문점,종로1.2.3.4가동,청진동,서울특별시 종로구 청진동 70,서울특별시 종로구 종로 33,126.981417776698,37.5709510178487,https://place.map.kakao.com/769348231,[]
봉땅,,카페,커피 전문점,종로1.2.3.4가동,공평동,서울특별시 종로구 공평동 17,서울특별시 종로구 우정국로 26,126.983537654436,37.5715639769904,https://place.map.kakao.com/712486031,[]
아더커피,,카페,커피 전문점,종로1.2.3.4가동,원남동,서울특별시 종로구 원남동 278,서울특별시 종로구 창경궁로 135-1,126.997241061296,37.5745104451437,https://place.map.kakao.com/1311366728,[]
동백양과점,,카페,커피 전문점,종로1.2.3.4가동,익선동,서울특별시 종로구 익선동 166-73,서울특별시 종로구 수표로28길 17-24,126.989580681307,37.5733909068789,https://place.map.kakao.com/630916358,"['매일', '09:00 ~ 22:00']"
봉구커피,,카페,커피 전문점,종로1.2.3.4가동,경운동,서울특별시 종로구 경운동 89-4,서울특별시 종로구 삼일대로 461,126.985848842339,37.5756024973128,https://place.map.kakao.com/26936182,"['월~금', '07:00 ~ 17:00', '토,일', '09:00 ~ 16:00']"
드디어커피원남점,,카페,커피 전문점,종로1.2.3.4가동,원남동,서울특별시 종로구 원남동 96-9,서울특별시 종로구 창경궁로 150,126.997565550432,37.5756395030461,https://place.map.kakao.com/984876518,"['월~금', '07:30 ~ 19:00', '토', '09:30 ~ 15:00', '휴무일', '일요일']"
노우즈,,카페,커피 전문점,종로1.2.3.4가동,관철동,서울특별시 종로구 관철동 45-2,서울특별시 종로구 종로8길 5,126.984071609173,37.5697574804389,https://place.map.kakao.com/1454197256,"['월~금', '08:30 ~ 20:00', '토,일', '10:00 ~ 20:00']"
컴포즈커피,,카페,커피 전문점,종로1.2.3.4가동,종로1가,서울특별시 종로구 종로1가 24,서울특별시 종로구 종로 19,126.979902392746,37.5708388183663,https://place.map.kakao.com/249179932,"['월~금', '08:00 ~ 23:00', '토,일', '09:00 ~ 23:00']"
카페온도,,카페,커피 전문점,종로1.2.3.4가동,종로1가,서울특별시 종로구 종로1가 24,서울특별시 종로구 종로 19,126.979902392746,37.5708388183663,https://place.map.kakao.com/334530608,[]
루프트커피,,카페,커피 전문점,종로1.2.3.4가동,청진동,서울특별시 종로구 청진동 70,서울특별시 종로구 종로 33,126.981417776698,37.5709510178487,https://place.map.kakao.com/996653085,"['매일', '08:00 ~ 21:30']"
피카디리cafe,,카페,커피 전문점,종로1.2.3.4가동,돈의동,서울특별시 종로구 돈의동 137,서울특별시 종로구 돈화문로5가길 1,126.991208911517,37.5710170721997,https://place.map.kakao.com/19813435,"['매일', '08:00 ~ 23:00']"
크링더도넛,,카페,커피 전문점,종로1.2.3.4가동,익선동,서울특별시 종로구 익선동 166-47,서울특별시 종로구 수표로28길 21-9,126.989695335115,37.5732837632364,https://place.map.kakao.com/1538464269,"['매일', '11:30 ~ 22:00']"
카페이층,,카페,커피 전문점,종로1.2.3.4가동,운니동,서울특별시 종로구 운니동 98-78,서울특별시 종로구 율곡로 84,126.988432618196,37.5770843526498,https://place.map.kakao.com/21324635,[]
놀숲,,카페,기타 비알코올 음료점업,종로1.2.3.4가동,관철동,서울특별시 종로구 관철동 7-5,서울특별시 종로구 삼일대로17길 8,126.98718027014,37.569243566917,https://place.map.kakao.com/1797985577,"['매일', '10:00 ~ 24:00']"
숨숨,,카페,커피 전문점,종로1.2.3.4가동,원남동,서울특별시 종로구 원남동 230-2,서울특별시 종로구 창경궁로21가길 2,126.996587023805,37.5751626478932,https://place.map.kakao.com/474205720,"['월~금', '08:30 ~ 18:00', '토', '13:30 ~ 18:00', '휴무일', '공휴일']"
투썸플레이스종로5가역점,,카페,커피 전문점,종로1.2.3.4가동,종로4가,서울특별시 종로구 종로4가 1-1,서울특별시 종로구 종로 201-1,127.000139234928,37.5711200787556,https://place.map.kakao.com/19615597,"['월~목', '08:00 ~ 22:00', '금', '08:00 ~ 23:00', '토', '09:00 ~ 23:00', '일', '09:00 ~ 22:00', '공휴일', '09:00 ~ 22:00']"
폼,,카페,기타 비알코올 음료점업,종로1.2.3.4가동,청진동,서울특별시 종로구 청진동 128,서울특별시 종로구 종로5길 7,126.980539444393,37.5706100508639,https://place.map.kakao.com/308911983,[]
미러볼커피스탠드,,카페,커피 전문점,종로1.2.3.4가동,원남동,서울특별시 종로구 원남동 84-2,서울특별시 종로구 창경궁로 142,126.997619403732,37.5750002208613,https://place.map.kakao.com/2049972099,"['월~금', '07:40 ~ 18:30', '휴무일', '토,일요일', '공휴일']"
제로커피광장,,카페,커피 전문점,종로1.2.3.4가동,예지동,서울특별시 종로구 예지동 25-2,서울특별시 종로구 창경궁로 86,126.998015149788,37.5699667559366,https://place.map.kakao.com/346137470,"['매일', '07:30 ~ 19:00']"
커피점방,,카페,커피 전문점,종로1.2.3.4가동,관철동,서울특별시 종로구 관철동 173-1,서울특별시 종로구 삼일대로17길 44,126.985052235439,37.5692343009193,https://place.map.kakao.com/26967041,"['월~금', '07:30 ~ 16:00', '휴무일', '토,일요일']"
브루다인사동,,카페,커피 전문점,종로1.2.3.4가동,공평동,서울특별시 종로구 공평동 9,서울특별시 종로구 우정국로 36,126.983257791527,37.5721652644005,https://place.map.kakao.com/1815826504,"['월~금', '07:00 ~ 17:00', '토,일', '08:00 ~ 18:00']"
누구나,,카페,커피 전문점,종로1.2.3.4가동,관철동,서울특별시 종로구 관철동 45-1,서울특별시 종로구 우정국로2길 21,126.984264884481,37.5696960706638,https://place.map.kakao.com/1200778275,"['월~금', '09:00 ~ 22:00', '토,일', '10:00 ~ 21:00', '이용시 주의 사항', '연중무휴']"
루스카,,카페,커피 전문점,종로1.2.3.4가동,익선동,서울특별시 종로구 익선동 166-28,서울특별시 종로구 수표로28길 35,126.990228802461,37.5731802026962,https://place.map.kakao.com/68035947,"['월~목', '11:00 ~ 22:30', '금~일', '10:00 ~ 22:30']"
디톡앤커피,,카페,커피 전문점,종로1.2.3.4가동,종로1가,서울특별시 종로구 종로1가 24,서울특별시 종로구 종로 19,126.979902392746,37.5708388183663,https://place.map.kakao.com/37371264,[]
부티크상점,,카페,기타 비알코올 음료점업,종로1.2.3.4가동,돈의동,서울특별시 종로구 돈의동 18,서울특별시 종로구 돈화문로11다길 15,126.990536247607,37.5730476759366,https://place.map.kakao.com/1924435540,[]
매머드익스프레스관철동점,,카페,커피 전문점,종로1.2.3.4가동,관철동,서울특별시 종로구 관철동 7-20,서울특별시 종로구 삼일대로 383,126.987366126204,37.5688937550265,https://place.map.kakao.com/150549313,"['월~금', '07:30 ~ 18:00', '토,일', '11:00 ~ 18:00']"
물드니,,카페,커피 전문점,종로1.2.3.4가동,관철동,서울특별시 종로구 관철동 16-10,서울특별시 종로구 종로10길 5,126.984500743322,37.5698332559995,https://place.map.kakao.com/656913620,"['매일', '10:00 ~ 21:00', '매일 라스트오더', '~ 20:30']"
멀티익스프레스커피,,카페,커피 전문점,종로1.2.3.4가동,종로2가,서울특별시 종로구 종로2가 8-4,서울특별시 종로구 종로 65,126.984695797782,37.5704746731005,https://place.map.kakao.com/1298309425,[]
이디야종로삼일대로점,,카페,커피 전문점,종로1.2.3.4가동,관철동,서울특별시 종로구 관철동 5-14,서울특별시 종로구 삼일대로 390-1,126.987947381042,37.5694393645282,https://place.map.kakao.com/1454135017,"['월~금', '08:00 ~ 22:00', '토', '09:00 ~ 22:30', '일', '10:00 ~ 21:00', '공휴일', '10:00 ~ 21:00']"
한옥랑솜익선동카페,,카페,커피 전문점,종로1.2.3.4가동,익선동,서울특별시 종로구 익선동 166-40,서울특별시 종로구 수표로28길 21-6,126.989809623496,37.5732036475903,https://place.map.kakao.com/576866836,"['매일', '10:30 ~ 22:30']"
경성다방,,카페,커피 전문점,종로1.2.3.4가동,낙원동,서울특별시 종로구 낙원동 211,서울특별시 종로구 수표로 115-1,126.989004628888,37.5716199338049,https://place.map.kakao.com/740154705,[]
빽다방종로,,카페,커피 전문점,종로1.2.3.4가동,수송동,서울특별시 종로구 수송동 58,서울특별시 종로구 삼봉로 81,126.981794436761,37.5723869222964,https://place.map.kakao.com/27098543,"['월~금', '07:30 ~ 22:30', '토', '08:30 ~ 22:30', '일', '11:00 ~ 21:00', '이용시 주의 사항', '연중무휴']"
카페헐리우드,,카페,커피 전문점,종로1.2.3.4가동,관훈동,서울특별시 종로구 관훈동 192-21,서울특별시 종로구 인사동9길 16,126.984120856948,37.5736323809974,https://place.map.kakao.com/18754957,"['월~금', '07:00 ~ 18:00', '토', '10:00 ~ 18:00', '월~토 라스트오더', '~ 17:50', '휴무일', '일요일']"
지중해,,카페,기타 비알코올 음료점업,종로1.2.3.4가동,종로3가,서울특별시 종로구 종로3가 146-1,서울특별시 종로구 종로 138-1,126.992963921879,37.570149035335,https://place.map.kakao.com/11155554,[]
이디야커피,,카페,커피 전문점,종로1.2.3.4가동,관철동,서울특별시 종로구 관철동 11-1,서울특별시 종로구 삼일대로15길 13,126.98672255071,37.568771097397,https://place.map.kakao.com/10748907,"['월~금', '08:00 ~ 23:10', '토', '08:30 ~ 23:10', '일', '09:30 ~ 22:10', '공휴일', '08:30 ~ 23:10']"
오후,,카페,커피 전문점,종로1.2.3.4가동,낙원동,서울특별시 종로구 낙원동 195-4,서울특별시 종로구 돈화문로5길 36,126.989990234673,37.5707273289257,https://place.map.kakao.com/16983102,[]
오가다,,카페,기타 비알코올 음료점업,종로1.2.3.4가동,관훈동,서울특별시 종로구 관훈동 123-4,서울특별시 종로구 인사동길 60,126.983611839444,37.5752678934709,https://place.map.kakao.com/19604529,"['매일', '10:00 ~ 23:00', '이용시 주의 사항', '연중무휴']"
폴링,,카페,기타 비알코올 음료점업,종로1.2.3.4가동,낙원동,서울특별시 종로구 낙원동 243-1,서울특별시 종로구 수표로 133,126.988156536284,37.5723875631574,https://place.map.kakao.com/15984181,[]
카페드람브르,,카페,커피 전문점,종로1.2.3.4가동,종로2가,서울특별시 종로구 종로2가 75-8,서울특별시 종로구 종로 80,126.986208656756,37.5699380394971,https://place.map.kakao.com/14578875,"['화~토', '11:00 ~ 22:00', '월', '11:00 ~ 20:00', '일', '11:00 ~ 19:00', '공휴일', '11:00 ~ 19:00']"
엘스,,카페,커피 전문점,종로1.2.3.4가동,운니동,서울특별시 종로구 운니동 8-1,서울특별시 종로구 돈화문로11가길 99-7,126.989417813196,37.5770657598375,https://place.map.kakao.com/1613039118,[]
Teastory,,카페,기타 비알코올 음료점업,종로1.2.3.4가동,묘동,서울특별시 종로구 묘동 88-1,서울특별시 종로구 돈화문로10길 2,126.991847923727,37.5723200310774,https://place.map.kakao.com/16874875,"['매일', '07:30 ~ 21:00']"
지음,,카페,커피 전문점,종로1.2.3.4가동,청진동,서울특별시 종로구 청진동 216-1,서울특별시 종로구 삼봉로 42,126.979541927969,37.5723674723165,https://place.map.kakao.com/17187952,[]
수요일,,카페,기타 비알코올 음료점업,종로1.2.3.4가동,관훈동,서울특별시 종로구 관훈동 23,서울특별시 종로구 인사동길 36,126.985352709715,37.573787142009,https://place.map.kakao.com/7957823,"['월~금', '11:00 ~ 23:30', '토,일', '10:00 ~ 23:00', '이용시 주의 사항', '연중무휴']"
보리수,,카페,기타 비알코올 음료점업,종로1.2.3.4가동,종로3가,서울특별시 종로구 종로3가 147,서울특별시 종로구 종로 140,126.993088429184,37.5701500973732,https://place.map.kakao.com/10377465,[]
자스,,카페,커피 전문점,종로1.2.3.4가동,수송동,서울특별시 종로구 수송동 16-1,서울특별시 종로구 율곡로4길 9,126.982062896082,37.5751193906937,https://place.map.kakao.com/895676033,"['월~금', '07:00 ~ 21:00', '토', '09:00 ~ 18:00', '휴무일', '일요일']"
카페마지오,,카페,커피 전문점,종로1.2.3.4가동,수송동,서울특별시 종로구 수송동 133-2,서울특별시 종로구 종로5길 103,126.978758325133,37.5742078289637,https://place.map.kakao.com/20635895,[]
소연,,카페,커피 전문점,종로1.2.3.4가동,권농동,서울특별시 종로구 권농동 142-3,서울특별시 종로구 서순라길 149,126.991572114973,37.5768228813932,https://place.map.kakao.com/9483853,"['월~금', '10:00 ~ 19:00', '토', '10:00 ~ 22:00', '일', '11:00 ~ 22:00']"
수래연,,카페,커피 전문점,종로1.2.3.4가동,세종로,서울특별시 종로구 세종로 139,서울특별시 종로구 청계천로 1,126.978007103224,37.5695339371522,https://place.map.kakao.com/13133319,[]
카페올웨이즈,,카페,커피 전문점,종로1.2.3.4가동,종로3가,서울특별시 종로구 종로3가 139,서울특별시 종로구 종로 134,126.992465407264,37.5701808234036,https://place.map.kakao.com/21442089,[]
귀천,,카페,기타 비알코올 음료점업,종로1.2.3.4가동,관훈동,서울특별시 종로구 관훈동 83,서울특별시 종로구 인사동14길 14,126.9848751629,37.5747741812722,https://place.map.kakao.com/13090299,"['매일', '11:00 ~ 22:00']"
구스토,,카페,커피 전문점,종로1.2.3.4가동,인의동,서울특별시 종로구 인의동 48-2,서울특별시 종로구 종로 183,126.998369125134,37.5714294483095,https://place.map.kakao.com/1028089080,[]
샌드프레소,,카페,커피 전문점,종로1.2.3.4가동,중학동,서울특별시 종로구 중학동 110-7,서울특별시 종로구 종로1길 55-1,126.978809509477,37.5754336865025,https://place.map.kakao.com/11951522,"['월~금', '08:00 ~ 21:00', '(경복궁 야간개장시 23:00 마감)', '토', '09:00 ~ 20:30', '일', '09:00 ~ 19:30']"
태을커피,,카페,커피 전문점,종로1.2.3.4가동,공평동,서울특별시 종로구 공평동 120-2,서울특별시 종로구 우정국로 29,126.98283391437,37.5717020819508,https://place.map.kakao.com/579837710,"['월~금', '08:00 ~ 22:00', '토,일', '11:00 ~ 20:00']"
올림픽,,카페,기타 비알코올 음료점업,종로1.2.3.4가동,낙원동,서울특별시 종로구 낙원동 172,서울특별시 종로구 수표로 114,126.989392276834,37.5714160134822,https://place.map.kakao.com/15750159,[]
옛찻집,,카페,기타 비알코올 음료점업,종로1.2.3.4가동,관훈동,서울특별시 종로구 관훈동 196-5,서울특별시 종로구 인사동길 33-1,126.985412851259,37.573526357061,https://place.map.kakao.com/27330725,"['월~토', '10:00 ~ 23:00', '일', '10:00 ~ 22:00']"
인사동,,카페,기타 비알코올 음료점업,종로1.2.3.4가동,관훈동,서울특별시 종로구 관훈동 196-5,서울특별시 종로구 인사동길 33-1,126.985412851259,37.573526357061,https://place.map.kakao.com/8053121,[]
초당,,카페,커피 전문점,종로1.2.3.4가동,관훈동,서울특별시 종로구 관훈동 177,서울특별시 종로구 인사동11길 16,126.983867546842,37.5739455650983,https://place.map.kakao.com/10841305,"['월~토', '11:00 ~ 16:00', '휴무일', '일요일']"
카페통,,카페,커피 전문점,종로1.2.3.4가동,봉익동,서울특별시 종로구 봉익동 136,서울특별시 종로구 돈화문로6나길 25,126.992794452466,37.5718055065417,https://place.map.kakao.com/18835632,"['월~금', '08:00 ~ 19:00']"
카페트루어스,,카페,커피 전문점,종로1.2.3.4가동,인사동,서울특별시 종로구 인사동 146,서울특별시 종로구 인사동길 11,126.986771846843,37.5718170407955,https://place.map.kakao.com/17321687,"['매일', '08:30 ~ 23:00', '이용시 주의 사항', '연중무휴']"
카페코나퀸즈,,카페,커피 전문점,종로1.2.3.4가동,관훈동,서울특별시 종로구 관훈동 73-1,서울특별시 종로구 인사동길 50-1,126.984300682085,37.5745620003564,https://place.map.kakao.com/26579785,[]
카페인중독종로2가점,,카페,커피 전문점,종로1.2.3.4가동,종로2가,서울특별시 종로구 종로2가 9,서울특별시 종로구 종로 69,126.985294475442,37.5705699246654,https://place.map.kakao.com/1238347117,"['매일', '11:00 ~ 23:00']"
커피원,,카페,커피 전문점,종로1.2.3.4가동,수송동,서울특별시 종로구 수송동 80-6,서울특별시 종로구 종로5길 58,126.980315823657,37.5728967632044,https://place.map.kakao.com/1045149161,"['월~금', '07:00 ~ 17:00', '휴무일', '토,일요일', '공휴일']"
아사녀다방,,카페,기타 비알코올 음료점업,종로1.2.3.4가동,관수동,서울특별시 종로구 관수동 4-1,서울특별시 종로구 수표로 93-1,126.989224570524,37.569585463108,https://place.map.kakao.com/8412426,[]
연화정,,카페,기타 비알코올 음료점업,종로1.2.3.4가동,인사동,서울특별시 종로구 인사동 155,서울특별시 종로구 인사동길 15-3,126.986495915788,37.5721300365759,https://place.map.kakao.com/15897086,"['월~토', '10:00 ~ 20:00', '휴무일', '일요일', '설전날', '설다음날', '추석전날', '추석다음날', '1월1일', '삼일절', '어린이날', '석가탄신일', '현충일', '광복절', '성탄절', '개천절', '한글날', '이용시 주의 사항', '추석당일 휴무']"
카페마루,,카페,커피 전문점,종로1.2.3.4가동,묘동,서울특별시 종로구 묘동 184,서울특별시 종로구 돈화문로9길 2,126.99150103868,37.5720197244251,https://place.map.kakao.com/21330336,"['월~토', '10:00 ~ 23:00', '일', '10:00 ~ 18:00']"
일립스,,카페,커피 전문점,종로1.2.3.4가동,인사동,서울특별시 종로구 인사동 263,서울특별시 종로구 종로9길 8,126.984350726299,37.570877173371,https://place.map.kakao.com/120503380,"['월~금', '07:30 ~ 16:00']"
뜰안,,카페,기타 비알코올 음료점업,종로1.2.3.4가동,익선동,서울특별시 종로구 익선동 166-76,서울특별시 종로구 수표로28길 17-35,126.989395797871,37.5736686470236,https://place.map.kakao.com/7858535,"['화~일', '11:00 ~ 22:00', '화~일 라스트오더', '~ 21:30', '휴무일', '월요일']"
인산인해,,카페,기타 비알코올 음료점업,종로1.2.3.4가동,인사동,서울특별시 종로구 인사동 182-1,서울특별시 종로구 인사동길 27-1,126.985927840881,37.5731163032604,https://place.map.kakao.com/15682271,"['매일', '11:00 ~ 01:00', '이용시 주의 사항', '연중무휴']"
심우방,,카페,기타 비알코올 음료점업,종로1.2.3.4가동,관훈동,서울특별시 종로구 관훈동 70,서울특별시 종로구 인사동12길 1,126.984517587409,37.5744287103468,https://place.map.kakao.com/7984617,[]
자후,,카페,커피 전문점,종로1.2.3.4가동,수송동,서울특별시 종로구 수송동 58,서울특별시 종로구 삼봉로 81,126.981794436761,37.5723869222964,https://place.map.kakao.com/1138077700,[]
이디야커피,,카페,커피 전문점,종로1.2.3.4가동,종로3가,서울특별시 종로구 종로3가 124,서울특별시 종로구 종로 126,126.991515717492,37.5700916205162,https://place.map.kakao.com/10748907,"['월~금', '08:00 ~ 23:10', '토', '08:30 ~ 23:10', '일', '09:30 ~ 22:10', '공휴일', '08:30 ~ 23:10']"
이디야커피,,카페,커피 전문점,종로1.2.3.4가동,수송동,서울특별시 종로구 수송동 58,서울특별시 종로구 삼봉로 81,126.981794436761,37.5723869222964,https://place.map.kakao.com/10748907,"['월~금', '08:00 ~ 23:10', '토', '08:30 ~ 23:10', '일', '09:30 ~ 22:10', '공휴일', '08:30 ~ 23:10']"
바람부는섬,,카페,기타 비알코올 음료점업,종로1.2.3.4가동,인사동,서울특별시 종로구 인사동 30-1,서울특별시 종로구 인사동길 20,126.986751251032,37.5725016553508,https://place.map.kakao.com/12447627,[]
이미,,카페,커피 전문점,종로1.2.3.4가동,인사동,서울특별시 종로구 인사동 194-27,서울특별시 종로구 인사동5길 29,126.984822520641,37.5719805017636,https://place.map.kakao.com/27510737,[]
어반스테이,,카페,커피 전문점,종로1.2.3.4가동,청진동,서울특별시 종로구 청진동 63-1,서울특별시 종로구 종로7길 29-13,126.981497285876,37.571762640724,https://place.map.kakao.com/24694160,[]
사랑방,,카페,기타 비알코올 음료점업,종로1.2.3.4가동,관훈동,서울특별시 종로구 관훈동 177,서울특별시 종로구 인사동11길 16,126.983867546842,37.5739455650983,https://place.map.kakao.com/25115782,[]
오가다종로2가인,,카페,기타 비알코올 음료점업,종로1.2.3.4가동,인사동,서울특별시 종로구 인사동 137-2,서울특별시 종로구 인사동길 9,126.986819075996,37.5716732795493,https://place.map.kakao.com/760212521,"['매일', '10:00 ~ 21:50', '이용시 주의 사항', '연중무휴']"
꽃휴게실,,카페,기타 비알코올 음료점업,종로1.2.3.4가동,관수동,서울특별시 종로구 관수동 52-1,서울특별시 종로구 종로18길 21,126.991332895932,37.5693782354668,https://place.map.kakao.com/21408979,[]
불라여행카페,,카페,커피 전문점,종로1.2.3.4가동,종로2가,서울특별시 종로구 종로2가 22-2,서울특별시 종로구 종로 85-1,126.987107571545,37.5704323180944,https://place.map.kakao.com/12072531,"['매일', '11:00 ~ 23:59', '이용시 주의 사항', '연중무휴']"
커피친구,,카페,커피 전문점,종로1.2.3.4가동,수송동,서울특별시 종로구 수송동 58,서울특별시 종로구 삼봉로 81,126.981794436761,37.5723869222964,https://place.map.kakao.com/8103051,"['월~금', '10:00 ~ 21:00', '토', '12:00 ~ 17:30', '휴무일', '일요일']"
차향가,,카페,기타 비알코올 음료점업,종로1.2.3.4가동,인사동,서울특별시 종로구 인사동 181-1,서울특별시 종로구 인사동길 25,126.986042377259,37.5730181725924,https://place.map.kakao.com/9435926,[]
지대방,,카페,기타 비알코올 음료점업,종로1.2.3.4가동,관훈동,서울특별시 종로구 관훈동 196-6,서울특별시 종로구 인사동길 33,126.985492819895,37.573472981884,https://place.map.kakao.com/12611451,"['월~토', '10:30 ~ 22:30', '일', '10:30 ~ 22:00', '공휴일', '10:30 ~ 22:00']"
홍매,,카페,커피 전문점,종로1.2.3.4가동,권농동,서울특별시 종로구 권농동 187-18,서울특별시 종로구 율곡로10길 83,126.991680974621,37.5737873027599,https://place.map.kakao.com/22399766,[]
전통다원,,카페,기타 비알코올 음료점업,종로1.2.3.4가동,관훈동,서울특별시 종로구 관훈동 30-1,서울특별시 종로구 인사동10길 11-4,126.985704176209,37.5745830783669,https://place.map.kakao.com/8199463,"['매일', '10:00 ~ 18:00', '휴무일', '설전날', '설당일', '설다음날', '추석전날', '추석당일', '추석다음날', '1월1일']"
승리,,카페,기타 비알코올 음료점업,종로1.2.3.4가동,장사동,서울특별시 종로구 장사동 31,서울특별시 종로구 종로22길 8-4,126.99300224524,37.5698249871248,https://place.map.kakao.com/9188079,[]
흐린세상건너기,,카페,기타 비알코올 음료점업,종로1.2.3.4가동,관훈동,서울특별시 종로구 관훈동 84-20,서울특별시 종로구 인사동14길 20,126.985168247715,37.574866805319,https://place.map.kakao.com/10962703,"['매일', '12:00 ~ 24:00']"
한옥,,카페,기타 비알코올 음료점업,종로1.2.3.4가동,관훈동,서울특별시 종로구 관훈동 64,서울특별시 종로구 인사동12길 9,126.984775733489,37.5745931180603,https://place.map.kakao.com/467710256,[]
상록,,카페,기타 비알코올 음료점업,종로1.2.3.4가동,낙원동,서울특별시 종로구 낙원동 236-1,서울특별시 종로구 종로17길 52,126.988541022466,37.5724178893406,https://place.map.kakao.com/15593676,[]
베버리지랩,,카페,커피 전문점,종로1.2.3.4가동,청진동,서울특별시 종로구 청진동 62-2,서울특별시 종로구 종로7길 29-4,126.98163286912,37.5717818312406,https://place.map.kakao.com/96750001,[]
담쟁이집,,카페,커피 전문점,종로1.2.3.4가동,견지동,서울특별시 종로구 견지동 82,서울특별시 종로구 인사동11길 20,126.983630941718,37.5738624345393,https://place.map.kakao.com/1146410842,"['월~토', '11:00 ~ 19:00', '휴무일', '일요일']"
하노이의아침,,카페,기타 비알코올 음료점업,종로1.2.3.4가동,인사동,서울특별시 종로구 인사동 188-4,서울특별시 종로구 인사동5길 11,126.985639894293,37.572645288021,https://place.map.kakao.com/15250809,[]
브루다종로구청,,카페,커피 전문점,종로1.2.3.4가동,수송동,서울특별시 종로구 수송동 156,서울특별시 종로구 삼봉로 71,126.981100163919,37.5726602546037,https://place.map.kakao.com/2012438838,"['월~금', '07:00 ~ 17:00', '휴무일', '토,일요일', '공휴일']"
레아,,카페,커피 전문점,종로1.2.3.4가동,관훈동,서울특별시 종로구 관훈동 155-12,서울특별시 종로구 인사동길 51,126.983926527104,37.5746038324914,https://place.map.kakao.com/10356641,"['월~토', '10:00 ~ 20:00', '일', '13:00 ~ 18:00']"
썬비,,카페,기타 비알코올 음료점업,종로1.2.3.4가동,관훈동,서울특별시 종로구 관훈동 198-11,서울특별시 종로구 인사동7길 26,126.984751126326,37.5730701474244,https://place.map.kakao.com/14808423,[]
그라피,,카페,커피 전문점,종로1.2.3.4가동,관철동,서울특별시 종로구 관철동 18-3,서울특별시 종로구 우정국로2길 41,126.985374732997,37.5696605626435,https://place.map.kakao.com/862082633,[]
예,,카페,기타 비알코올 음료점업,종로1.2.3.4가동,봉익동,서울특별시 종로구 봉익동 12-4,서울특별시 종로구 서순라길 55,126.992994108808,37.5729515327297,https://place.map.kakao.com/876123982,"['월,수,목,금', '11:00 ~ 23:00', '토,일', '12:00 ~ 23:00', '화', '11:00 ~ 17:00']"
파스쿠찌종로2가점,,카페,커피 전문점,종로1.2.3.4가동,관수동,서울특별시 종로구 관수동 3-1,서울특별시 종로구 수표로 95,126.989312685638,37.5697664258809,https://place.map.kakao.com/20481068,"['월~목', '07:00 ~ 23:00', '금~일', '07:00 ~ 02:00']"
커피스토리,,카페,커피 전문점,종로1.2.3.4가동,종로4가,서울특별시 종로구 종로4가 167-1,서울특별시 종로구 종로 198,126.999557153912,37.570628584387,https://place.map.kakao.com/13068364,[]
에일당,,카페,기타 비알코올 음료점업,종로1.2.3.4가동,익선동,서울특별시 종로구 익선동 166-34,서울특별시 종로구 수표로28길 33-9,126.990065952274,37.5735031844492,https://place.map.kakao.com/1167226072,"['매일', '12:00 ~ 23:00', '매일 라스트오더', '~ 22:30', '(음식 주문)', '매일 라스트오더', '~ 20:00', '(커피 주문)']"
골목카페,,카페,커피 전문점,종로1.2.3.4가동,돈의동,서울특별시 종로구 돈의동 95,서울특별시 종로구 돈화문로9길 17,126.990804480783,37.5716263238049,https://place.map.kakao.com/302469493,[]
커피소,,카페,커피 전문점,종로1.2.3.4가동,종로3가,서울특별시 종로구 종로3가 171,서울특별시 종로구 종로 154-1,126.994728935882,37.5702181410353,https://place.map.kakao.com/1784160455,[]
커피베이하나손해보험점,,카페,커피 전문점,종로1.2.3.4가동,인의동,서울특별시 종로구 인의동 112-1,서울특별시 종로구 창경궁로 117,126.997082905963,37.5727971222649,https://place.map.kakao.com/272805531,"['월,토,일요일']"
헤르만의정원,,카페,커피 전문점,종로1.2.3.4가동,청진동,서울특별시 종로구 청진동 246,서울특별시 종로구 종로3길 17,126.978892919429,37.5709832679583,https://place.map.kakao.com/1024695063,"['월~금', '11:00 ~ 20:00', '토,일', '12:00 ~ 18:00']"
세운커피숍,,카페,커피 전문점,종로1.2.3.4가동,종로3가,서울특별시 종로구 종로3가 171,서울특별시 종로구 종로 154-1,126.994728935882,37.5702181410353,https://place.map.kakao.com/19036708,[]
마당공간,,카페,커피 전문점,종로1.2.3.4가동,익선동,서울특별시 종로구 익선동 166-23,서울특별시 종로구 수표로28길 33-12,126.990188396917,37.5736574089471,https://place.map.kakao.com/1747532772,[]
매머드익스프레스종로,,카페,커피 전문점,종로1.2.3.4가동,종로3가,서울특별시 종로구 종로3가 19,서울특별시 종로구 종로 127,126.991621010391,37.5706781971534,https://place.map.kakao.com/343930974,"['월~금', '07:00 ~ 18:00', '토,일', '08:00 ~ 16:00']"
이원,,카페,기타 비알코올 음료점업,종로1.2.3.4가동,인사동,서울특별시 종로구 인사동 220-2,서울특별시 종로구 종로11길 29,126.985529926185,37.5715721040829,https://place.map.kakao.com/705064576,[]
이디야종로,,카페,커피 전문점,종로1.2.3.4가동,종로2가,서울특별시 종로구 종로2가 6,서울특별시 종로구 종로 51,126.983594194964,37.5707355059583,https://place.map.kakao.com/10748907,"['월~금', '08:00 ~ 23:10', '토', '08:30 ~ 23:10', '일', '09:30 ~ 22:10', '공휴일', '08:30 ~ 23:10']"
빽다방종로관철점,,카페,커피 전문점,종로1.2.3.4가동,관철동,서울특별시 종로구 관철동 42-4,서울특별시 종로구 종로10길 21,126.984523560147,37.5689864732841,https://place.map.kakao.com/27098543,"['월~금', '07:30 ~ 22:30', '토', '08:30 ~ 22:30', '일', '11:00 ~ 21:00', '이용시 주의 사항', '연중무휴']"
라인업커피,,카페,커피 전문점,종로1.2.3.4가동,공평동,서울특별시 종로구 공평동 1,서울특별시 종로구 인사동5길 41,126.984156529791,37.5718396164835,https://place.map.kakao.com/1626506077,[]
솔방울1,,카페,커피 전문점,종로1.2.3.4가동,권농동,서울특별시 종로구 권농동 187-5,서울특별시 종로구 서순라길 89-15,126.991777747617,37.5741665666702,https://place.map.kakao.com/128489804,[]
엘스,,카페,커피 전문점,종로1.2.3.4가동,견지동,서울특별시 종로구 견지동 99-1,서울특별시 종로구 우정국로 42,126.983317990163,37.5727334386561,https://place.map.kakao.com/1613039118,[]
종묘전통다원,,카페,커피 전문점,종로1.2.3.4가동,봉익동,서울특별시 종로구 봉익동 38-4,서울특별시 종로구 서순라길 39,126.993399378128,37.5722792079237,https://place.map.kakao.com/2069498835,[]
하우종로,,카페,커피 전문점,종로1.2.3.4가동,종로3가,서울특별시 종로구 종로3가 10-5,서울특별시 종로구 종로 129,126.992009374992,37.5704202117411,https://place.map.kakao.com/272233098,[]
뜰과다원,,카페,기타 비알코올 음료점업,종로1.2.3.4가동,관훈동,서울특별시 종로구 관훈동 15-3,서울특별시 종로구 인사동8길 6-4,126.985796364495,37.5736287671221,https://place.map.kakao.com/24879317,"['매일', '10:20 ~ 22:00']"
이슈,,카페,기타 비알코올 음료점업,종로1.2.3.4가동,낙원동,서울특별시 종로구 낙원동 203,서울특별시 종로구 수표로 107-1,126.989207280962,37.5708647942734,https://place.map.kakao.com/12920922,[]
카페1993,,카페,커피 전문점,종로1.2.3.4가동,익선동,서울특별시 종로구 익선동 131-2,서울특별시 종로구 삼일대로30길 34,126.989479413529,37.5741829562851,https://place.map.kakao.com/1314146271,[]
몬떼비서울,,카페,기타 비알코올 음료점업,종로1.2.3.4가동,공평동,서울특별시 종로구 공평동 144,서울특별시 종로구 삼봉로 94,126.982220846913,37.5718319540652,https://place.map.kakao.com/583430247,"['월~금', '08:00 ~ 18:00', '토', '10:00 ~ 17:00', '휴무일', '일요일']"
공차,,카페,기타 비알코올 음료점업,종로1.2.3.4가동,청진동,서울특별시 종로구 청진동 70,서울특별시 종로구 종로 33,126.981417776698,37.5709510178487,https://place.map.kakao.com/18284131,"['월~금', '10:00 ~ 22:00', '토,일', '09:00 ~ 22:00', '공휴일', '10:00 ~ 22:00', '이용시 주의 사항', '연중무휴']"
카페해오름,,카페,커피 전문점,종로1.2.3.4가동,낙원동,서울특별시 종로구 낙원동 288,서울특별시 종로구 삼일대로 428,126.987879877214,37.5727546183995,https://place.map.kakao.com/689788650,[]
커피팡,,카페,커피 전문점,종로1.2.3.4가동,봉익동,서울특별시 종로구 봉익동 10-1,서울특별시 종로구 율곡로10길 105,126.992224277182,37.5729539736493,https://place.map.kakao.com/20304514,[]
성북동커피,,카페,커피 전문점,종로1.2.3.4가동,서린동,서울특별시 종로구 서린동 136,서울특별시 종로구 종로 14,126.978841120047,37.5698024562943,https://place.map.kakao.com/21573953,"['월~금', '08:00 ~ 20:00', '휴무일', '토,일요일']"
세미다방,,카페,기타 비알코올 음료점업,종로1.2.3.4가동,종로4가,서울특별시 종로구 종로4가 183,서울특별시 종로구 종로 191-3,126.999009624505,37.5709393078166,https://place.map.kakao.com/9151299,[]
영풍개발,,카페,기타 비알코올 음료점업,종로1.2.3.4가동,서린동,서울특별시 종로구 서린동 33,서울특별시 종로구 청계천로 41,126.982159843769,37.5696599190406,https://place.map.kakao.com/21324921,[]
유담,,카페,기타 비알코올 음료점업,종로1.2.3.4가동,관훈동,서울특별시 종로구 관훈동 118-17,서울특별시 종로구 인사동16길 15,126.984074228989,37.5753980194611,https://place.map.kakao.com/20059694,[]
초콜릿아일랜드인,,카페,기타 비알코올 음료점업,종로1.2.3.4가동,와룡동,서울특별시 종로구 와룡동 74,서울특별시 종로구 돈화문로 72,126.991020817848,37.5748899427999,https://place.map.kakao.com/2014192733,"['월~금', '11:00 ~ 18:00', '토', '12:00 ~ 17:00', '이용시 주의 사항', '일요일 구정 추석 휴무']"
브라질카페꼬르꼬바두,,카페,커피 전문점,종로1.2.3.4가동,관수동,서울특별시 종로구 관수동 130-1,서울특별시 종로구 수표로 86-1,126.989835293633,37.5687887633128,https://place.map.kakao.com/1730321918,[]
식물,,카페,커피 전문점,종로1.2.3.4가동,익선동,서울특별시 종로구 익선동 166-62,서울특별시 종로구 돈화문로11다길 46-1,126.989632287338,37.573760775484,https://place.map.kakao.com/26404597,"['매일', '12:00 ~ 23:00']"
요거트맨종로서적점,,카페,기타 비알코올 음료점업,종로1.2.3.4가동,종로2가,서울특별시 종로구 종로2가 6,서울특별시 종로구 종로 51,126.983594194964,37.5707355059583,https://place.map.kakao.com/438210383,"['월~금', '11:00 ~ 20:30', '휴무일', '토,일요일']"
엠엠티에이치013,,카페,커피 전문점,종로1.2.3.4가동,청진동,서울특별시 종로구 청진동 17,서울특별시 종로구 종로5길 36,126.98054488939,37.5718715551658,https://place.map.kakao.com/1999161549,"['월~금', '07:00 ~ 17:00']"
윈윈커피,,카페,기타 비알코올 음료점업,종로1.2.3.4가동,서린동,서울특별시 종로구 서린동 88,서울특별시 종로구 청계천로 35,126.981360631035,37.5693286507148,https://place.map.kakao.com/1672942719,"['월~금', '07:00 ~ 19:00', '토', '07:00 ~ 15:00', '휴무일', '일요일']"
두들,,카페,커피 전문점,종로1.2.3.4가동,인의동,서울특별시 종로구 인의동 28-25,서울특별시 종로구 창경궁로 112-15,126.998626065584,37.5725308994733,https://place.map.kakao.com/2052126771,[]
칸칸,,카페,커피 전문점,종로1.2.3.4가동,익선동,서울특별시 종로구 익선동 33-21,서울특별시 종로구 삼일대로32가길 12-5,126.988578110195,37.5746978412139,https://place.map.kakao.com/185728310,"['월,화,수,금', '11:00 ~ 17:30', '토', '12:00 ~ 18:00', '일', '13:00 ~ 17:30', '휴무일', '목요일']"
소진담안녕인,,카페,제과점업,종로1.2.3.4가동,관훈동,서울특별시 종로구 관훈동 155-2,서울특별시 종로구 인사동길 49,126.983532304432,37.574456272108,https://place.map.kakao.com/1443952279,"['매일', '10:30 ~ 21:30', '이용시 주의 사항', '연중무휴']"
익선통하다,,카페,커피 전문점,종로1.2.3.4가동,익선동,서울특별시 종로구 익선동 168-4,서울특별시 종로구 수표로28길 29,126.990118042747,37.5729990469546,https://place.map.kakao.com/582705364,"['매일', '12:00 ~ 22:00', '공휴일', '12:00 ~ 22:00']"
웰시커피,,카페,커피 전문점,종로1.2.3.4가동,낙원동,서울특별시 종로구 낙원동 108-1,서울특별시 종로구 돈화문로11길 44,126.988910292067,37.5727364171655,https://place.map.kakao.com/1200813909,"['매일', '08:00 ~ 23:00']"
참호도과자앤커피,,카페,커피 전문점,종로1.2.3.4가동,묘동,서울특별시 종로구 묘동 190-1,서울특별시 종로구 돈화문로 35-1,126.991596207841,37.5716781416005,https://place.map.kakao.com/371070576,"['월~금', '09:00 ~ 18:30', '휴무일', '토,일요일']"
이에프앤비,,카페,커피 전문점,종로1.2.3.4가동,관수동,서울특별시 종로구 관수동 130-1,서울특별시 종로구 수표로 86-1,126.989835293633,37.5687887633128,https://place.map.kakao.com/517588287,[]
제이스킹커피창덕궁점,,카페,커피 전문점,종로1.2.3.4가동,운니동,서울특별시 종로구 운니동 14,서울특별시 종로구 율곡로6길 11,126.989387750082,37.5767771694362,https://place.map.kakao.com/1039597,[]
빠숑숑,,카페,기타 비알코올 음료점업,종로1.2.3.4가동,익선동,서울특별시 종로구 익선동 154-1,서울특별시 종로구 돈화문로11나길 26-6,126.99058141297,37.573895040976,https://place.map.kakao.com/1624282841,"['매일', '10:00 ~ 21:00', '이용시 주의 사항', '화덕빵 나오는 시간 11:20~']"
블란서미술관,,카페,커피 전문점,종로1.2.3.4가동,운니동,서울특별시 종로구 운니동 45-1,서울특별시 종로구 삼일대로32길 49-9,126.989580554617,37.5759138207574,https://place.map.kakao.com/1005510637,"['화~일', '12:00 ~ 22:00']"
카페운니,,카페,커피 전문점,종로1.2.3.4가동,운니동,서울특별시 종로구 운니동 57,서울특별시 종로구 삼일대로32길 57,126.990172707752,37.575657585979,https://place.map.kakao.com/1686323375,[]
이디야종로4가점,,카페,커피 전문점,종로1.2.3.4가동,인의동,서울특별시 종로구 인의동 19,서울특별시 종로구 김상옥로 1,126.997877277666,37.5734976706286,https://place.map.kakao.com/27522292,"['월~금', '07:30 ~ 22:40', '토', '10:00 ~ 21:40', '일', '10:00 ~ 20:40']"
선우,,카페,커피 전문점,종로1.2.3.4가동,수송동,서울특별시 종로구 수송동 58,서울특별시 종로구 삼봉로 81,126.981794436761,37.5723869222964,https://place.map.kakao.com/775885104,[]
등선재,,카페,커피 전문점,종로1.2.3.4가동,돈의동,서울특별시 종로구 돈의동 75-2,서울특별시 종로구 수표로26길 16-3,126.990029918079,37.5719801162372,https://place.map.kakao.com/608922241,"['매일', '11:00 ~ 21:00', '이용시 주의 사항', '설날, 추석 당일 휴무']"
꽃담,,카페,기타 비알코올 음료점업,종로1.2.3.4가동,인사동,서울특별시 종로구 인사동 168,서울특별시 종로구 인사동길 19-2,126.986307604935,37.5726600339836,https://place.map.kakao.com/204990635,"['매일', '11:00 ~ 22:00', '이용시 주의 사항', '연중무휴']"
원남가베,,카페,커피 전문점,종로1.2.3.4가동,원남동,서울특별시 종로구 원남동 86-15,서울특별시 종로구 창경궁로 144,126.997650101926,37.5752437627502,https://place.map.kakao.com/195251041,[]
카페테리아피츠버그,,카페,커피 전문점,종로1.2.3.4가동,청진동,서울특별시 종로구 청진동 70,서울특별시 종로구 종로 33,126.981417776698,37.5709510178487,https://place.map.kakao.com/1928788017,"['월~금', '07:30 ~ 21:00', '토,일', '09:00 ~ 21:00']"
랑데자뷰,,카페,커피 전문점,종로1.2.3.4가동,종로1가,서울특별시 종로구 종로1가 17,서울특별시 종로구 종로3길 17,126.978892919429,37.5709832679583,https://place.map.kakao.com/2037247184,[]
쌈지안,,카페,기타 비알코올 음료점업,종로1.2.3.4가동,관훈동,서울특별시 종로구 관훈동 44,서울특별시 종로구 인사동12길 12-4,126.985198466965,37.5743084198398,https://place.map.kakao.com/108620352,"['매일', '10:30 ~ 20:30', '공휴일', '10:30 ~ 20:30']"
다인茶人,,카페,커피 전문점,종로1.2.3.4가동,관훈동,서울특별시 종로구 관훈동 6,서울특별시 종로구 인사동길 28-1,126.986095553451,37.573270920817,https://place.map.kakao.com/1424960202,[]
일트,,카페,커피 전문점,종로1.2.3.4가동,원남동,서울특별시 종로구 원남동 150-6,서울특별시 종로구 율곡로 154,126.995906827117,37.5760759263563,https://place.map.kakao.com/1801219296,"['매일', '11:00 ~ 19:00', '공휴일', '11:00 ~ 19:00']"
매니비니,,카페,커피 전문점,종로1.2.3.4가동,와룡동,서울특별시 종로구 와룡동 33,서울특별시 종로구 율곡로10길 24,126.990909715054,37.5764117524182,https://place.map.kakao.com/1680283268,"['화~일', '10:00 ~ 19:30', '공휴일', '10:00 ~ 19:30', '휴무일', '월요일']"
커피나인종로구청,,카페,커피 전문점,종로1.2.3.4가동,청진동,서울특별시 종로구 청진동 4-3,서울특별시 종로구 삼봉로 66,126.980755531359,37.5721977487344,https://place.map.kakao.com/1215068070,"['월~금', '07:00 ~ 15:30', '토', '09:30 ~ 14:30', '휴무일', '일요일']"
두커피,,카페,커피 전문점,종로1.2.3.4가동,묘동,서울특별시 종로구 묘동 18,서울특별시 종로구 율곡로8길 101,126.991897961587,37.5728070208234,https://place.map.kakao.com/544428036,[]
매머드익스프레스종로르메이에르점,,카페,커피 전문점,종로1.2.3.4가동,종로1가,서울특별시 종로구 종로1가 24,서울특별시 종로구 종로 19,126.979902392746,37.5708388183663,https://place.map.kakao.com/1549561100,[]
여여하다,,카페,커피 전문점,종로1.2.3.4가동,경운동,서울특별시 종로구 경운동 89-4,서울특별시 종로구 삼일대로 461,126.985848842339,37.5756024973128,https://place.map.kakao.com/289647366,"['월~토', '10:30 ~ 19:00', '공휴일', '10:30 ~ 19:00', '휴무일', '일요일']"
투썸플레이스종로,3가역점,카페,커피 전문점,종로1.2.3.4가동,낙원동,서울특별시 종로구 낙원동 197-2,서울특별시 종로구 수표로 106,126.989537234367,37.5707414731571,https://place.map.kakao.com/19615597,"['월~목', '08:00 ~ 22:00', '금', '08:00 ~ 23:00', '토', '09:00 ~ 23:00', '일', '09:00 ~ 22:00', '공휴일', '09:00 ~ 22:00']"
투썸플레이스,종로구청점,카페,커피 전문점,종로1.2.3.4가동,수송동,서울특별시 종로구 수송동 80-6,서울특별시 종로구 종로5길 58,126.980315823657,37.5728967632044,https://place.map.kakao.com/23258602,"['월~목', '07:00 ~ 23:00', '금', '07:00 ~ 24:00', '토', '09:00 ~ 24:00', '일', '11:00 ~ 22:00', '공휴일', '11:00 ~ 22:00']"
커피빈종각역점,코리아,카페,기타 비알코올 음료점업,종로1.2.3.4가동,관철동,서울특별시 종로구 관철동 16-5,서울특별시 종로구 종로 70,126.985156376254,37.5699019669231,https://place.map.kakao.com/389656301,"['월,화,수,목,일', '10:00 ~ 22:00', '금,토', '10:00 ~ 23:00']"
커피빈종로센트로폴리스점,,카페,기타 비알코올 음료점업,종로1.2.3.4가동,공평동,서울특별시 종로구 공평동 17,서울특별시 종로구 우정국로 26,126.98353875646,37.5714828927813,https://place.map.kakao.com/30517766,"['월~금', '07:00 ~ 23:00', '토,일', '08:00 ~ 22:00']"
커피빈종로구청앞점,,카페,기타 비알코올 음료점업,종로1.2.3.4가동,청진동,서울특별시 종로구 청진동 184-1,서울특별시 종로구 종로3길 34,126.97946957868,37.5718622640862,https://place.map.kakao.com/169252831,"['월~금', '07:00 ~ 22:00', '토,일', '09:00 ~ 22:00']"
커피빈인사점,코리아,카페,기타 비알코올 음료점업,종로1.2.3.4가동,낙원동,서울특별시 종로구 낙원동 272,서울특별시 종로구 인사동4길 18,126.987322063474,37.572984105237,https://place.map.kakao.com/8103497,"['월~금', '06:30 ~ 22:30', '토,일', '07:00 ~ 22:30', '공휴일', '07:00 ~ 22:30']"
커피빈광화문점,코리아,카페,기타 비알코올 음료점업,종로1.2.3.4가동,서린동,서울특별시 종로구 서린동 136,서울특별시 종로구 종로 14,126.978841120047,37.5698024562943,https://place.map.kakao.com/10826403,"['월~금', '07:00 ~ 23:00', '토', '07:30 ~ 23:00', '일', '09:00 ~ 23:00', '공휴일', '09:00 ~ 23:00']"
투썸플레이스종로알파빌딩점,,카페,커피 전문점,종로1.2.3.4가동,서린동,서울특별시 종로구 서린동 70,서울특별시 종로구 종로 34,126.981093428371,37.5698309278738,https://place.map.kakao.com/323328500,"['월~금', '07:00 ~ 23:00', '토,일', '08:00 ~ 22:00', '공휴일', '08:00 ~ 22:00']"
투썸플레이스서린동청계,광장점,카페,커피 전문점,종로1.2.3.4가동,서린동,서울특별시 종로구 서린동 127,서울특별시 종로구 청계천로 17,126.979480624445,37.5693935074312,https://place.map.kakao.com/1378292261,"['월~금', '07:00 ~ 23:00', '토,일', '08:00 ~ 23:00']"
커피빈종로관철동점,코리아,카페,기타 비알코올 음료점업,종로1.2.3.4가동,관철동,서울특별시 종로구 관철동 11-4,서울특별시 종로구 청계천로 83,126.986715259806,37.5684736910396,https://place.map.kakao.com/10827907,"['월~금', '07:00 ~ 24:00', '토,일', '08:00 ~ 24:00', '공휴일', '08:00 ~ 24:00']"
컴포즈커피종로,3가점,카페,커피 전문점,종로1.2.3.4가동,종로3가,서울특별시 종로구 종로3가 19,서울특별시 종로구 종로 127-1,126.99165508862,37.5706694778224,https://place.map.kakao.com/249179932,"['월~금', '08:00 ~ 23:00', '토,일', '09:00 ~ 23:00']"
비하인드미,,카페,커피 전문점,종로1.2.3.4가동,원남동,서울특별시 종로구 원남동 118-1,서울특별시 종로구 창경궁로 158,126.997554680431,37.5764503480176,https://place.map.kakao.com/397457481,[]
오프커피,종로점,카페,커피 전문점,종로1.2.3.4가동,관철동,서울특별시 종로구 관철동 7-18,서울특별시 종로구 삼일대로15길 8,126.986992245186,37.5689175786157,https://place.map.kakao.com/791372561,"['월~금', '07:30 ~ 19:00', '토', '10:30 ~ 18:00']"
티로아,,카페,커피 전문점,종로1.2.3.4가동,관훈동,서울특별시 종로구 관훈동 155-2,서울특별시 종로구 인사동길 49,126.983532304432,37.574456272108,https://place.map.kakao.com/178186810,"['매일', '10:30 ~ 20:30']"
폼드팡베이커리,,빵/도넛,커피 전문점,종로1.2.3.4가동,중학동,서울특별시 종로구 중학동 14,서울특별시 종로구 율곡로 6,126.979760355709,37.5754419082509,https://place.map.kakao.com/1574589270,"['월~금', '07:30 ~ 20:00', '토,일', '09:30 ~ 20:00']"
라르티스타,,카페,커피 전문점,종로1.2.3.4가동,묘동,서울특별시 종로구 묘동 128-1,서울특별시 종로구 돈화문로 60,126.991363181074,37.5738476607558,https://place.map.kakao.com/1337001435,[]
이디야커피,,카페,커피 전문점,종로1.2.3.4가동,낙원동,서울특별시 종로구 낙원동 45-3,서울특별시 종로구 삼일대로 436-1,126.988004369724,37.573593653983,https://place.map.kakao.com/10748907,"['월~금', '08:00 ~ 23:10', '토', '08:30 ~ 23:10', '일', '09:30 ~ 22:10', '공휴일', '08:30 ~ 23:10']"
그리너리,광화문점,카페,커피 전문점,종로1.2.3.4가동,종로1가,서울특별시 종로구 종로1가 24,서울특별시 종로구 종로 19,126.979902392746,37.5708388183663,https://place.map.kakao.com/2041202767,"['월~토', '08:30 ~ 21:00']"
스프링어텀,,카페,커피 전문점,종로1.2.3.4가동,종로1가,서울특별시 종로구 종로1가 24,서울특별시 종로구 종로 19,126.979902392746,37.5708388183663,https://place.map.kakao.com/1871552294,"['월~금', '10:00 ~ 20:00', '휴무일', '토,일요일']"
카페기억,,카페,커피 전문점,종로1.2.3.4가동,와룡동,서울특별시 종로구 와룡동 12-2,서울특별시 종로구 율곡로 102,126.99064912652,37.5772655132977,https://place.map.kakao.com/349429037,"['매일', '10:00 ~ 22:00', '공휴일', '10:00 ~ 22:00']"
종로식품사업부더쌍화,강남한의원,카페,커피 전문점,종로1.2.3.4가동,낙원동,서울특별시 종로구 낙원동 213-2,서울특별시 종로구 수표로 115-4,126.988881215528,37.5715377830822,https://place.map.kakao.com/2047438660,[]
까페오렌지,,카페,커피 전문점,종로1.2.3.4가동,관수동,서울특별시 종로구 관수동 20,서울특별시 종로구 수표로 96,126.990004104293,37.569700259994,https://place.map.kakao.com/16961708,[]
노네임청명,,카페,커피 전문점,종로1.2.3.4가동,관수동,서울특별시 종로구 관수동 125-1,서울특별시 종로구 청계천로 117,126.990732139981,37.5685982048438,https://place.map.kakao.com/514099356,[]
매머드익스프레스종로창경궁로점,,카페,커피 전문점,종로1.2.3.4가동,인의동,서울특별시 종로구 인의동 111-7,서울특별시 종로구 창경궁로 113,126.997425140957,37.5726018000953,https://place.map.kakao.com/343930974,"['월~금', '07:00 ~ 18:00', '토,일', '08:00 ~ 16:00']"
투썸플레이스종각역점,,카페,커피 전문점,종로1.2.3.4가동,종로2가,서울특별시 종로구 종로2가 84-4,서울특별시 종로구 종로 72,126.985370944224,37.5699398529382,https://place.map.kakao.com/23258602,"['월~목', '07:00 ~ 23:00', '금', '07:00 ~ 24:00', '토', '09:00 ~ 24:00', '일', '11:00 ~ 22:00', '공휴일', '11:00 ~ 22:00']"
일호상회,,카페,커피 전문점,종로1.2.3.4가동,종로4가,서울특별시 종로구 종로4가 188,서울특별시 종로구 종로32길 2,127.000394996519,37.5706176609705,https://place.map.kakao.com/343468860,"['매일', '10:00 ~ 17:00']"
디저트플래넷디,타워점,카페,커피 전문점,종로1.2.3.4가동,청진동,서울특별시 종로구 청진동 246,서울특별시 종로구 종로3길 17,126.978892919429,37.5709832679583,https://place.map.kakao.com/514823043,"['월~금', '08:00 ~ 21:00', '토,일', '09:00 ~ 20:00']"
커피빈종로와이비엠별관점,,카페,커피 전문점,종로1.2.3.4가동,종로2가,서울특별시 종로구 종로2가 56-15,서울특별시 종로구 종로 98,126.988394402793,37.5698666855626,https://place.map.kakao.com/235197477,"['월~금', '07:00 ~ 23:00', '토,일', '08:00 ~ 22:00', '공휴일', '08:00 ~ 22:00']"
휴식,,카페,커피 전문점,종로1.2.3.4가동,종로1가,서울특별시 종로구 종로1가 24,서울특별시 종로구 종로 19,126.979902392746,37.5708388183663,https://place.map.kakao.com/336819533,"['월~금', '07:30 ~ 20:00', '토', '11:30 ~ 20:00']"
청수당베이커리,,카페,커피 전문점,종로1.2.3.4가동,익선동,서울특별시 종로구 익선동 142-1,서울특별시 종로구 돈화문로11나길 31-13,126.989630218042,37.5739139347741,https://place.map.kakao.com/78911659,"['매일', '10:30 ~ 21:00']"
카페아이엠티종로그랑서울점,,카페,커피 전문점,종로1.2.3.4가동,청진동,서울특별시 종로구 청진동 70,서울특별시 종로구 종로 33,126.981417776698,37.5709510178487,https://place.map.kakao.com/1281806734,"['월~금', '07:00 ~ 20:00', '일', '11:00 ~ 17:00', '휴무일', '토요일']"
요거앤라떼,,카페,기타 비알코올 음료점업,종로1.2.3.4가동,묘동,서울특별시 종로구 묘동 78,서울특별시 종로구 돈화문로8길 15,126.991988611061,37.5719608158324,https://place.map.kakao.com/21362522,"['월~금', '09:00 ~ 19:00', '토', '10:00 ~ 16:00']"
탐앤탐스커피종로5가점,,카페,커피 전문점,종로1.2.3.4가동,종로4가,서울특별시 종로구 종로4가 9-1,서울특별시 종로구 종로 193,126.999120161875,37.5711384743449,https://place.map.kakao.com/941584269,[]
빽다방종로르메이에르점,,카페,커피 전문점,종로1.2.3.4가동,종로1가,서울특별시 종로구 종로1가 24,서울특별시 종로구 종로 19,126.979902392746,37.5708388183663,https://place.map.kakao.com/503874739,"['월~금', '07:00 ~ 22:00', '토,일', '08:00 ~ 22:00', '이용시 주의 사항', '연중무휴']"
메가엠지씨커피광장시장남2문점,,카페,커피 전문점,종로1.2.3.4가동,예지동,서울특별시 종로구 예지동 269-43,서울특별시 종로구 청계천로 203-1,127.00020462377,37.5696158916619,https://place.map.kakao.com/1680229895,"['월~토', '08:00 ~ 18:00', '휴무일', '일요일']"
센트럴커피웍스,,카페,커피 전문점,종로1.2.3.4가동,종로1가,서울특별시 종로구 종로1가 24,서울특별시 종로구 종로 19,126.979902392746,37.5708388183663,https://place.map.kakao.com/68052164,"['월~금', '07:00 ~ 19:00', '토', '11:00 ~ 18:00', '휴무일', '일요일']"
몽블랑솜익선동카페,,카페,커피 전문점,종로1.2.3.4가동,익선동,서울특별시 종로구 익선동 166-24,서울특별시 종로구 수표로28길 33-10,126.990178780739,37.5735311809113,https://place.map.kakao.com/798183382,"['매일', '11:30 ~ 22:30']"
매머드익스프레스종로YBM점,,카페,커피 전문점,종로1.2.3.4가동,종로2가,서울특별시 종로구 종로2가 55-1,서울특별시 종로구 종로 104,126.989095071749,37.5699537813745,https://place.map.kakao.com/1966930918,"['매일', '07:00 ~ 20:30', '매일 라스트오더', '~ 20:00']"
메가엠지씨커피종로낙원점,,카페,커피 전문점,종로1.2.3.4가동,낙원동,서울특별시 종로구 낙원동 9,서울특별시 종로구 삼일대로 438,126.987888615651,37.573781880223,https://place.map.kakao.com/764695695,"['월~금', '07:00 ~ 23:00', '토', '07:30 ~ 23:00', '일', '08:00 ~ 22:30']"
자마이카커피,,카페,커피 전문점,종로1.2.3.4가동,종로1가,서울특별시 종로구 종로1가 24,서울특별시 종로구 종로 19,126.979902392746,37.5708388183663,https://place.map.kakao.com/1331399054,[]
메가엠지씨커피종로,3가역점,카페,커피 전문점,종로1.2.3.4가동,묘동,서울특별시 종로구 묘동 204-1,서울특별시 종로구 돈화문로 27,126.991865776239,37.5709956522853,https://place.map.kakao.com/883295764,[]
